symbol,non_compliant_income_pct,shariah_status,accounts_as_of,source
AABS,2.46,Non-Compliant,2025-12-31,"Al-Meezan: Recomposition of PSX-KMI 30 Share Islamic Index, period ended Dec 2025 (complete ratios)"
ABOT,0.63,Compliant,2025-12-31,"Al-Meezan: Recomposition of PSX-KMI 30 Share Islamic Index, period ended Dec 2025 (complete ratios)"
ACPL,0.06,Compliant,2025-12-31,"Al-Meezan: Recomposition of PSX-KMI 30 Share Islamic Index, period ended Dec 2025 (complete ratios)"
ADAMS,0.01,Compliant,2025-12-31,"Al-Meezan: Recomposition of PSX-KMI 30 Share Islamic Index, period ended Dec 2025 (complete ratios)"
ADMM,0.07,Non-Compliant,2025-12-31,"Al-Meezan: Recomposition of PSX-KMI 30 Share Islamic Index, period ended Dec 2025 (complete ratios)"
AGHA,0.08,Non-Compliant,2025-12-31,"Al-Meezan: Recomposition of PSX-KMI 30 Share Islamic Index, period ended Dec 2025 (complete ratios)"
AGIL,0.05,Compliant,2025-12-31,"Al-Meezan: Recomposition of PSX-KMI 30 Share Islamic Index, period ended Dec 2025 (complete ratios)"
AGL,6.8,Non-Compliant,2025-12-31,"Al-Meezan: Recomposition of PSX-KMI 30 Share Islamic Index, period ended Dec 2025 (complete ratios)"
AGP,0.19,Compliant,2025-12-31,"Al-Meezan: Recomposition of PSX-KMI 30 Share Islamic Index, period ended Dec 2025 (complete ratios)"
AGSML,0.0,Non-Compliant,2025-12-31,"Al-Meezan: Recomposition of PSX-KMI 30 Share Islamic Index, period ended Dec 2025 (complete ratios)"
AGTL,0.36,Compliant,2025-12-31,"Al-Meezan: Recomposition of PSX-KMI 30 Share Islamic Index, period ended Dec 2025 (complete ratios)"
AHCL,21.39,Non-Compliant,2025-12-31,"Al-Meezan: Recomposition of PSX-KMI 30 Share Islamic Index, period ended Dec 2025 (complete ratios)"
AHTM,0.0,Compliant,2025-12-31,"Al-Meezan: Recomposition of PSX-KMI 30 Share Islamic Index, period ended Dec 2025 (complete ratios)"
AIRLINK,0.38,Compliant,2025-12-31,"Al-Meezan: Recomposition of PSX-KMI 30 Share Islamic Index, period ended Dec 2025 (complete ratios)"
AKDHL,28.27,Non-Compliant,2025-12-31,"Al-Meezan: Recomposition of PSX-KMI 30 Share Islamic Index, period ended Dec 2025 (complete ratios)"
AKGL,0.04,Compliant,2025-12-31,"Al-Meezan: Recomposition of PSX-KMI 30 Share Islamic Index, period ended Dec 2025 (complete ratios)"
ALNRS,0.05,Compliant,2025-12-31,"Al-Meezan: Recomposition of PSX-KMI 30 Share Islamic Index, period ended Dec 2025 (complete ratios)"
ALTN,0.46,Non-Compliant,2025-12-31,"Al-Meezan: Recomposition of PSX-KMI 30 Share Islamic Index, period ended Dec 2025 (complete ratios)"
ANL,0.0,Compliant,2025-12-31,"Al-Meezan: Recomposition of PSX-KMI 30 Share Islamic Index, period ended Dec 2025 (complete ratios)"
ANSM,0.0,Non-Compliant,2025-12-31,"Al-Meezan: Recomposition of PSX-KMI 30 Share Islamic Index, period ended Dec 2025 (complete ratios)"
ANTM,0.0,Compliant,2025-12-31,"Al-Meezan: Recomposition of PSX-KMI 30 Share Islamic Index, period ended Dec 2025 (complete ratios)"
APL,1.18,Non-Compliant,2025-12-31,"Al-Meezan: Recomposition of PSX-KMI 30 Share Islamic Index, period ended Dec 2025 (complete ratios)"
ARCTM,0.03,Compliant,2025-12-31,"Al-Meezan: Recomposition of PSX-KMI 30 Share Islamic Index, period ended Dec 2025 (complete ratios)"
ARMG,95.22,Non-Compliant,2025-12-31,"Al-Meezan: Recomposition of PSX-KMI 30 Share Islamic Index, period ended Dec 2025 (complete ratios)"
ARPL,0.0,Compliant,2025-12-31,"Al-Meezan: Recomposition of PSX-KMI 30 Share Islamic Index, period ended Dec 2025 (complete ratios)"
ASHT,0.18,Compliant,2025-12-31,"Al-Meezan: Recomposition of PSX-KMI 30 Share Islamic Index, period ended Dec 2025 (complete ratios)"
ASL,0.0,Compliant,2025-12-31,"Al-Meezan: Recomposition of PSX-KMI 30 Share Islamic Index, period ended Dec 2025 (complete ratios)"
ASTL,5.27,Non-Compliant,2025-12-31,"Al-Meezan: Recomposition of PSX-KMI 30 Share Islamic Index, period ended Dec 2025 (complete ratios)"
ATBA,0.0,Compliant,2025-12-31,"Al-Meezan: Recomposition of PSX-KMI 30 Share Islamic Index, period ended Dec 2025 (complete ratios)"
ATLH,1.94,Non-Compliant,2025-12-31,"Al-Meezan: Recomposition of PSX-KMI 30 Share Islamic Index, period ended Dec 2025 (complete ratios)"
ATRL,1.92,Compliant,2025-12-31,"Al-Meezan: Recomposition of PSX-KMI 30 Share Islamic Index, period ended Dec 2025 (complete ratios)"
AVN,0.01,Compliant,2025-12-31,"Al-Meezan: Recomposition of PSX-KMI 30 Share Islamic Index, period ended Dec 2025 (complete ratios)"
BAFS,0.14,Compliant,2025-12-31,"Al-Meezan: Recomposition of PSX-KMI 30 Share Islamic Index, period ended Dec 2025 (complete ratios)"
BAPL,0.0,Non-Compliant,2025-12-31,"Al-Meezan: Recomposition of PSX-KMI 30 Share Islamic Index, period ended Dec 2025 (complete ratios)"
BATA,0.09,Compliant,2025-12-31,"Al-Meezan: Recomposition of PSX-KMI 30 Share Islamic Index, period ended Dec 2025 (complete ratios)"
BBFL,1.39,Compliant,2025-12-31,"Al-Meezan: Recomposition of PSX-KMI 30 Share Islamic Index, period ended Dec 2025 (complete ratios)"
BCL,0.27,Compliant,2025-12-31,"Al-Meezan: Recomposition of PSX-KMI 30 Share Islamic Index, period ended Dec 2025 (complete ratios)"
BECO,0.0,Compliant,2025-12-31,"Al-Meezan: Recomposition of PSX-KMI 30 Share Islamic Index, period ended Dec 2025 (complete ratios)"
BERG,0.1,Compliant,2025-12-31,"Al-Meezan: Recomposition of PSX-KMI 30 Share Islamic Index, period ended Dec 2025 (complete ratios)"
BFAGRO,0.0,Compliant,2025-12-31,"Al-Meezan: Recomposition of PSX-KMI 30 Share Islamic Index, period ended Dec 2025 (complete ratios)"
BFBIO,1.23,Compliant,2025-12-31,"Al-Meezan: Recomposition of PSX-KMI 30 Share Islamic Index, period ended Dec 2025 (complete ratios)"
BFMOD,0.0,Compliant,2025-12-31,"Al-Meezan: Recomposition of PSX-KMI 30 Share Islamic Index, period ended Dec 2025 (complete ratios)"
BGL,0.0,Non-Compliant,2025-12-31,"Al-Meezan: Recomposition of PSX-KMI 30 Share Islamic Index, period ended Dec 2025 (complete ratios)"
BHAT,0.29,Compliant,2025-12-31,"Al-Meezan: Recomposition of PSX-KMI 30 Share Islamic Index, period ended Dec 2025 (complete ratios)"
BIFO,0.11,Compliant,2025-12-31,"Al-Meezan: Recomposition of PSX-KMI 30 Share Islamic Index, period ended Dec 2025 (complete ratios)"
BIPL,0.0,Compliant,2025-12-31,"Al-Meezan: Recomposition of PSX-KMI 30 Share Islamic Index, period ended Dec 2025 (complete ratios)"
BNL,0.0,Compliant,2025-12-31,"Al-Meezan: Recomposition of PSX-KMI 30 Share Islamic Index, period ended Dec 2025 (complete ratios)"
BNWM,0.02,Compliant,2025-12-31,"Al-Meezan: Recomposition of PSX-KMI 30 Share Islamic Index, period ended Dec 2025 (complete ratios)"
BPL,4.17,Compliant,2025-12-31,"Al-Meezan: Recomposition of PSX-KMI 30 Share Islamic Index, period ended Dec 2025 (complete ratios)"
BRRG,6.41,Non-Compliant,2025-12-31,"Al-Meezan: Recomposition of PSX-KMI 30 Share Islamic Index, period ended Dec 2025 (complete ratios)"
BTL,0.05,Compliant,2025-12-31,"Al-Meezan: Recomposition of PSX-KMI 30 Share Islamic Index, period ended Dec 2025 (complete ratios)"
BUXL,0.03,Compliant,2025-12-31,"Al-Meezan: Recomposition of PSX-KMI 30 Share Islamic Index, period ended Dec 2025 (complete ratios)"
BWCL,6.94,Non-Compliant,2025-12-31,"Al-Meezan: Recomposition of PSX-KMI 30 Share Islamic Index, period ended Dec 2025 (complete ratios)"
BWHL,2.38,Compliant,2025-12-31,"Al-Meezan: Recomposition of PSX-KMI 30 Share Islamic Index, period ended Dec 2025 (complete ratios)"
CCM,0.0,Compliant,2025-12-31,"Al-Meezan: Recomposition of PSX-KMI 30 Share Islamic Index, period ended Dec 2025 (complete ratios)"
CEPB,0.33,Compliant,2025-12-31,"Al-Meezan: Recomposition of PSX-KMI 30 Share Islamic Index, period ended Dec 2025 (complete ratios)"
CHAS,1.5,Compliant,2025-12-31,"Al-Meezan: Recomposition of PSX-KMI 30 Share Islamic Index, period ended Dec 2025 (complete ratios)"
CHBL,0.65,Non-Compliant,2025-12-31,"Al-Meezan: Recomposition of PSX-KMI 30 Share Islamic Index, period ended Dec 2025 (complete ratios)"
CHCC,1.79,Compliant,2025-12-31,"Al-Meezan: Recomposition of PSX-KMI 30 Share Islamic Index, period ended Dec 2025 (complete ratios)"
CLOV,0.0,Compliant,2025-12-31,"Al-Meezan: Recomposition of PSX-KMI 30 Share Islamic Index, period ended Dec 2025 (complete ratios)"
CLVL,96.3,Non-Compliant,2025-12-31,"Al-Meezan: Recomposition of PSX-KMI 30 Share Islamic Index, period ended Dec 2025 (complete ratios)"
CNERGY,0.02,Compliant,2025-12-31,"Al-Meezan: Recomposition of PSX-KMI 30 Share Islamic Index, period ended Dec 2025 (complete ratios)"
COLG,0.19,Compliant,2025-12-31,"Al-Meezan: Recomposition of PSX-KMI 30 Share Islamic Index, period ended Dec 2025 (complete ratios)"
CPHL,0.7,Compliant,2025-12-31,"Al-Meezan: Recomposition of PSX-KMI 30 Share Islamic Index, period ended Dec 2025 (complete ratios)"
CPPL,0.0,Compliant,2025-12-31,"Al-Meezan: Recomposition of PSX-KMI 30 Share Islamic Index, period ended Dec 2025 (complete ratios)"
CRTM,0.12,Compliant,2025-12-31,"Al-Meezan: Recomposition of PSX-KMI 30 Share Islamic Index, period ended Dec 2025 (complete ratios)"
CSAP,1.73,Compliant,2025-12-31,"Al-Meezan: Recomposition of PSX-KMI 30 Share Islamic Index, period ended Dec 2025 (complete ratios)"
CTM,1.67,Non-Compliant,2025-12-31,"Al-Meezan: Recomposition of PSX-KMI 30 Share Islamic Index, period ended Dec 2025 (complete ratios)"
DAAG,0.0,Compliant,2025-12-31,"Al-Meezan: Recomposition of PSX-KMI 30 Share Islamic Index, period ended Dec 2025 (complete ratios)"
DADX,0.0,Compliant,2025-12-31,"Al-Meezan: Recomposition of PSX-KMI 30 Share Islamic Index, period ended Dec 2025 (complete ratios)"
DCL,0.0,Compliant,2025-12-31,"Al-Meezan: Recomposition of PSX-KMI 30 Share Islamic Index, period ended Dec 2025 (complete ratios)"
DCR,0.0,Compliant,2025-12-31,"Al-Meezan: Recomposition of PSX-KMI 30 Share Islamic Index, period ended Dec 2025 (complete ratios)"
DFSM,0.0,Compliant,2025-12-31,"Al-Meezan: Recomposition of PSX-KMI 30 Share Islamic Index, period ended Dec 2025 (complete ratios)"
DGKC,3.36,Compliant,2025-12-31,"Al-Meezan: Recomposition of PSX-KMI 30 Share Islamic Index, period ended Dec 2025 (complete ratios)"
DIIL,0.0,Non-Compliant,2025-12-31,"Al-Meezan: Recomposition of PSX-KMI 30 Share Islamic Index, period ended Dec 2025 (complete ratios)"
DINT,0.0,Compliant,2025-12-31,"Al-Meezan: Recomposition of PSX-KMI 30 Share Islamic Index, period ended Dec 2025 (complete ratios)"
DLL,12.91,Non-Compliant,2025-12-31,"Al-Meezan: Recomposition of PSX-KMI 30 Share Islamic Index, period ended Dec 2025 (complete ratios)"
DMC,0.0,Compliant,2025-12-31,"Al-Meezan: Recomposition of PSX-KMI 30 Share Islamic Index, period ended Dec 2025 (complete ratios)"
DNCC,0.0,Compliant,2025-12-31,"Al-Meezan: Recomposition of PSX-KMI 30 Share Islamic Index, period ended Dec 2025 (complete ratios)"
DOL,0.42,Compliant,2025-12-31,"Al-Meezan: Recomposition of PSX-KMI 30 Share Islamic Index, period ended Dec 2025 (complete ratios)"
DSIL,80.78,Non-Compliant,2025-12-31,"Al-Meezan: Recomposition of PSX-KMI 30 Share Islamic Index, period ended Dec 2025 (complete ratios)"
DYNO,0.6,Compliant,2025-12-31,"Al-Meezan: Recomposition of PSX-KMI 30 Share Islamic Index, period ended Dec 2025 (complete ratios)"
ECOP,0.0,Compliant,2025-12-31,"Al-Meezan: Recomposition of PSX-KMI 30 Share Islamic Index, period ended Dec 2025 (complete ratios)"
EFERT,0.4,Compliant,2025-12-31,"Al-Meezan: Recomposition of PSX-KMI 30 Share Islamic Index, period ended Dec 2025 (complete ratios)"
ELCM,0.0,Compliant,2025-12-31,"Al-Meezan: Recomposition of PSX-KMI 30 Share Islamic Index, period ended Dec 2025 (complete ratios)"
ELSM,0.27,Compliant,2025-12-31,"Al-Meezan: Recomposition of PSX-KMI 30 Share Islamic Index, period ended Dec 2025 (complete ratios)"
EMCO,0.0,Compliant,2025-12-31,"Al-Meezan: Recomposition of PSX-KMI 30 Share Islamic Index, period ended Dec 2025 (complete ratios)"
ENGROH,1.3,Compliant,2025-12-31,"Al-Meezan: Recomposition of PSX-KMI 30 Share Islamic Index, period ended Dec 2025 (complete ratios)"
EPCL,0.13,Compliant,2025-12-31,"Al-Meezan: Recomposition of PSX-KMI 30 Share Islamic Index, period ended Dec 2025 (complete ratios)"
EPQL,3.18,Compliant,2025-12-31,"Al-Meezan: Recomposition of PSX-KMI 30 Share Islamic Index, period ended Dec 2025 (complete ratios)"
EXIDE,0.01,Compliant,2025-12-31,"Al-Meezan: Recomposition of PSX-KMI 30 Share Islamic Index, period ended Dec 2025 (complete ratios)"
FABL,0.0,Compliant,2025-12-31,"Al-Meezan: Recomposition of PSX-KMI 30 Share Islamic Index, period ended Dec 2025 (complete ratios)"
FANM,0.0,Compliant,2025-12-31,"Al-Meezan: Recomposition of PSX-KMI 30 Share Islamic Index, period ended Dec 2025 (complete ratios)"
FASM,0.22,Compliant,2025-12-31,"Al-Meezan: Recomposition of PSX-KMI 30 Share Islamic Index, period ended Dec 2025 (complete ratios)"
FATIMA,0.93,Compliant,2025-12-31,"Al-Meezan: Recomposition of PSX-KMI 30 Share Islamic Index, period ended Dec 2025 (complete ratios)"
FCCL,0.57,Compliant,2025-12-31,"Al-Meezan: Recomposition of PSX-KMI 30 Share Islamic Index, period ended Dec 2025 (complete ratios)"
FCEPL,0.11,Compliant,2025-12-31,"Al-Meezan: Recomposition of PSX-KMI 30 Share Islamic Index, period ended Dec 2025 (complete ratios)"
FCL,0.0,Compliant,2025-12-31,"Al-Meezan: Recomposition of PSX-KMI 30 Share Islamic Index, period ended Dec 2025 (complete ratios)"
FDPL,85.95,Non-Compliant,2025-12-31,"Al-Meezan: Recomposition of PSX-KMI 30 Share Islamic Index, period ended Dec 2025 (complete ratios)"
FECM,0.0,Compliant,2025-12-31,"Al-Meezan: Recomposition of PSX-KMI 30 Share Islamic Index, period ended Dec 2025 (complete ratios)"
FECTC,0.03,Compliant,2025-12-31,"Al-Meezan: Recomposition of PSX-KMI 30 Share Islamic Index, period ended Dec 2025 (complete ratios)"
FEM,0.0,Compliant,2025-12-31,"Al-Meezan: Recomposition of PSX-KMI 30 Share Islamic Index, period ended Dec 2025 (complete ratios)"
FEROZ,0.66,Compliant,2025-12-31,"Al-Meezan: Recomposition of PSX-KMI 30 Share Islamic Index, period ended Dec 2025 (complete ratios)"
FFC,4.97,Compliant,2025-12-31,"Al-Meezan: Recomposition of PSX-KMI 30 Share Islamic Index, period ended Dec 2025 (complete ratios)"
FFL,1.44,Compliant,2025-12-31,"Al-Meezan: Recomposition of PSX-KMI 30 Share Islamic Index, period ended Dec 2025 (complete ratios)"
FFLM,0.0,Compliant,2025-12-31,"Al-Meezan: Recomposition of PSX-KMI 30 Share Islamic Index, period ended Dec 2025 (complete ratios)"
FHAM,0.0,Compliant,2025-12-31,"Al-Meezan: Recomposition of PSX-KMI 30 Share Islamic Index, period ended Dec 2025 (complete ratios)"
FIBLM,0.0,Compliant,2025-12-31,"Al-Meezan: Recomposition of PSX-KMI 30 Share Islamic Index, period ended Dec 2025 (complete ratios)"
FIMM,0.0,Compliant,2025-12-31,"Al-Meezan: Recomposition of PSX-KMI 30 Share Islamic Index, period ended Dec 2025 (complete ratios)"
FLYNG,0.0,Compliant,2025-12-31,"Al-Meezan: Recomposition of PSX-KMI 30 Share Islamic Index, period ended Dec 2025 (complete ratios)"
FML,1.32,Compliant,2025-12-31,"Al-Meezan: Recomposition of PSX-KMI 30 Share Islamic Index, period ended Dec 2025 (complete ratios)"
FPJM,0.0,Compliant,2025-12-31,"Al-Meezan: Recomposition of PSX-KMI 30 Share Islamic Index, period ended Dec 2025 (complete ratios)"
FPRM,0.0,Compliant,2025-12-31,"Al-Meezan: Recomposition of PSX-KMI 30 Share Islamic Index, period ended Dec 2025 (complete ratios)"
FRCL,0.8,Compliant,2025-12-31,"Al-Meezan: Recomposition of PSX-KMI 30 Share Islamic Index, period ended Dec 2025 (complete ratios)"
FRSM,0.0,Compliant,2025-12-31,"Al-Meezan: Recomposition of PSX-KMI 30 Share Islamic Index, period ended Dec 2025 (complete ratios)"
FTMM,0.0,Compliant,2025-12-31,"Al-Meezan: Recomposition of PSX-KMI 30 Share Islamic Index, period ended Dec 2025 (complete ratios)"
FTSM,0.0,Compliant,2025-12-31,"Al-Meezan: Recomposition of PSX-KMI 30 Share Islamic Index, period ended Dec 2025 (complete ratios)"
FZCM,0.01,Compliant,2025-12-31,"Al-Meezan: Recomposition of PSX-KMI 30 Share Islamic Index, period ended Dec 2025 (complete ratios)"
GADT,0.13,Compliant,2025-12-31,"Al-Meezan: Recomposition of PSX-KMI 30 Share Islamic Index, period ended Dec 2025 (complete ratios)"
GAL,0.1,Compliant,2025-12-31,"Al-Meezan: Recomposition of PSX-KMI 30 Share Islamic Index, period ended Dec 2025 (complete ratios)"
GATI,0.0,Compliant,2025-12-31,"Al-Meezan: Recomposition of PSX-KMI 30 Share Islamic Index, period ended Dec 2025 (complete ratios)"
GATM,0.22,Compliant,2025-12-31,"Al-Meezan: Recomposition of PSX-KMI 30 Share Islamic Index, period ended Dec 2025 (complete ratios)"
GCIL,2.4,Compliant,2025-12-31,"Al-Meezan: Recomposition of PSX-KMI 30 Share Islamic Index, period ended Dec 2025 (complete ratios)"
GCWL,0.0,Compliant,2025-12-31,"Al-Meezan: Recomposition of PSX-KMI 30 Share Islamic Index, period ended Dec 2025 (complete ratios)"
GFIL,0.0,Compliant,2025-12-31,"Al-Meezan: Recomposition of PSX-KMI 30 Share Islamic Index, period ended Dec 2025 (complete ratios)"
GGGL,0.0,Compliant,2025-12-31,"Al-Meezan: Recomposition of PSX-KMI 30 Share Islamic Index, period ended Dec 2025 (complete ratios)"
GGL,0.01,Compliant,2025-12-31,"Al-Meezan: Recomposition of PSX-KMI 30 Share Islamic Index, period ended Dec 2025 (complete ratios)"
GHGL,0.0,Compliant,2025-12-31,"Al-Meezan: Recomposition of PSX-KMI 30 Share Islamic Index, period ended Dec 2025 (complete ratios)"
GHNI,0.01,Compliant,2025-12-31,"Al-Meezan: Recomposition of PSX-KMI 30 Share Islamic Index, period ended Dec 2025 (complete ratios)"
GLAXO,0.76,Compliant,2025-12-31,"Al-Meezan: Recomposition of PSX-KMI 30 Share Islamic Index, period ended Dec 2025 (complete ratios)"
GLPL,0.64,Non-Compliant,2025-12-31,"Al-Meezan: Recomposition of PSX-KMI 30 Share Islamic Index, period ended Dec 2025 (complete ratios)"
GOC,0.23,Compliant,2025-12-31,"Al-Meezan: Recomposition of PSX-KMI 30 Share Islamic Index, period ended Dec 2025 (complete ratios)"
GTYR,0.0,Compliant,2025-12-31,"Al-Meezan: Recomposition of PSX-KMI 30 Share Islamic Index, period ended Dec 2025 (complete ratios)"
GVGL,0.0,Compliant,2025-12-31,"Al-Meezan: Recomposition of PSX-KMI 30 Share Islamic Index, period ended Dec 2025 (complete ratios)"
GWLC,1.25,Compliant,2025-12-31,"Al-Meezan: Recomposition of PSX-KMI 30 Share Islamic Index, period ended Dec 2025 (complete ratios)"
HABSM,2.34,Non-Compliant,2025-12-31,"Al-Meezan: Recomposition of PSX-KMI 30 Share Islamic Index, period ended Dec 2025 (complete ratios)"
HAEL,0.0,Compliant,2025-12-31,"Al-Meezan: Recomposition of PSX-KMI 30 Share Islamic Index, period ended Dec 2025 (complete ratios)"
HALEON,1.57,Compliant,2025-12-31,"Al-Meezan: Recomposition of PSX-KMI 30 Share Islamic Index, period ended Dec 2025 (complete ratios)"
HCAR,0.38,Compliant,2025-12-31,"Al-Meezan: Recomposition of PSX-KMI 30 Share Islamic Index, period ended Dec 2025 (complete ratios)"
HINO,0.07,Compliant,2025-12-31,"Al-Meezan: Recomposition of PSX-KMI 30 Share Islamic Index, period ended Dec 2025 (complete ratios)"
HINOON,0.53,Compliant,2025-12-31,"Al-Meezan: Recomposition of PSX-KMI 30 Share Islamic Index, period ended Dec 2025 (complete ratios)"
HPL,0.51,Compliant,2025-12-31,"Al-Meezan: Recomposition of PSX-KMI 30 Share Islamic Index, period ended Dec 2025 (complete ratios)"
HRPL,0.03,Compliant,2025-12-31,"Al-Meezan: Recomposition of PSX-KMI 30 Share Islamic Index, period ended Dec 2025 (complete ratios)"
HTL,0.01,Compliant,2025-12-31,"Al-Meezan: Recomposition of PSX-KMI 30 Share Islamic Index, period ended Dec 2025 (complete ratios)"
HUBC,7.16,Compliant,2025-12-31,"Al-Meezan: Recomposition of PSX-KMI 30 Share Islamic Index, period ended Dec 2025 (complete ratios)"
HUSI,0.06,Non-Compliant,2025-12-31,"Al-Meezan: Recomposition of PSX-KMI 30 Share Islamic Index, period ended Dec 2025 (complete ratios)"
IBFL,0.0,Compliant,2025-12-31,"Al-Meezan: Recomposition of PSX-KMI 30 Share Islamic Index, period ended Dec 2025 (complete ratios)"
IBLHL,0.0,Compliant,2025-12-31,"Al-Meezan: Recomposition of PSX-KMI 30 Share Islamic Index, period ended Dec 2025 (complete ratios)"
ICCI,0.0,Compliant,2025-12-31,"Al-Meezan: Recomposition of PSX-KMI 30 Share Islamic Index, period ended Dec 2025 (complete ratios)"
ICL,0.36,Compliant,2025-12-31,"Al-Meezan: Recomposition of PSX-KMI 30 Share Islamic Index, period ended Dec 2025 (complete ratios)"
IDRT,0.33,Compliant,2025-12-31,"Al-Meezan: Recomposition of PSX-KMI 30 Share Islamic Index, period ended Dec 2025 (complete ratios)"
IDSM,0.15,Compliant,2025-12-31,"Al-Meezan: Recomposition of PSX-KMI 30 Share Islamic Index, period ended Dec 2025 (complete ratios)"
IDYM,0.04,Non-Compliant,2025-12-31,"Al-Meezan: Recomposition of PSX-KMI 30 Share Islamic Index, period ended Dec 2025 (complete ratios)"
ILP,0.73,Compliant,2025-12-31,"Al-Meezan: Recomposition of PSX-KMI 30 Share Islamic Index, period ended Dec 2025 (complete ratios)"
IMAGE,0.0,Compliant,2025-12-31,"Al-Meezan: Recomposition of PSX-KMI 30 Share Islamic Index, period ended Dec 2025 (complete ratios)"
INDU,3.99,Non-Compliant,2025-12-31,"Al-Meezan: Recomposition of PSX-KMI 30 Share Islamic Index, period ended Dec 2025 (complete ratios)"
INIL,0.09,Compliant,2025-12-31,"Al-Meezan: Recomposition of PSX-KMI 30 Share Islamic Index, period ended Dec 2025 (complete ratios)"
INKL,0.06,Compliant,2025-12-31,"Al-Meezan: Recomposition of PSX-KMI 30 Share Islamic Index, period ended Dec 2025 (complete ratios)"
IPAK,0.0,Compliant,2025-12-31,"Al-Meezan: Recomposition of PSX-KMI 30 Share Islamic Index, period ended Dec 2025 (complete ratios)"
ISIL,0.53,Compliant,2025-12-31,"Al-Meezan: Recomposition of PSX-KMI 30 Share Islamic Index, period ended Dec 2025 (complete ratios)"
ISL,0.06,Compliant,2025-12-31,"Al-Meezan: Recomposition of PSX-KMI 30 Share Islamic Index, period ended Dec 2025 (complete ratios)"
ITTEFAQ,0.08,Compliant,2025-12-31,"Al-Meezan: Recomposition of PSX-KMI 30 Share Islamic Index, period ended Dec 2025 (complete ratios)"
JDMT,0.11,Compliant,2025-12-31,"Al-Meezan: Recomposition of PSX-KMI 30 Share Islamic Index, period ended Dec 2025 (complete ratios)"
JDWS,0.97,Compliant,2025-12-31,"Al-Meezan: Recomposition of PSX-KMI 30 Share Islamic Index, period ended Dec 2025 (complete ratios)"
JKSM,0.14,Non-Compliant,2025-12-31,"Al-Meezan: Recomposition of PSX-KMI 30 Share Islamic Index, period ended Dec 2025 (complete ratios)"
JSML,0.17,Compliant,2025-12-31,"Al-Meezan: Recomposition of PSX-KMI 30 Share Islamic Index, period ended Dec 2025 (complete ratios)"
JVDC,0.88,Compliant,2025-12-31,"Al-Meezan: Recomposition of PSX-KMI 30 Share Islamic Index, period ended Dec 2025 (complete ratios)"
KAPCO,17.79,Non-Compliant,2025-12-31,"Al-Meezan: Recomposition of PSX-KMI 30 Share Islamic Index, period ended Dec 2025 (complete ratios)"
KCL,0.0,Compliant,2025-12-31,"Al-Meezan: Recomposition of PSX-KMI 30 Share Islamic Index, period ended Dec 2025 (complete ratios)"
KEL,0.74,Compliant,2025-12-31,"Al-Meezan: Recomposition of PSX-KMI 30 Share Islamic Index, period ended Dec 2025 (complete ratios)"
KOHC,3.69,Compliant,2025-12-31,"Al-Meezan: Recomposition of PSX-KMI 30 Share Islamic Index, period ended Dec 2025 (complete ratios)"
KOHE,3.13,Compliant,2025-12-31,"Al-Meezan: Recomposition of PSX-KMI 30 Share Islamic Index, period ended Dec 2025 (complete ratios)"
KOHP,15.78,Non-Compliant,2025-12-31,"Al-Meezan: Recomposition of PSX-KMI 30 Share Islamic Index, period ended Dec 2025 (complete ratios)"
KOHTM,0.01,Compliant,2025-12-31,"Al-Meezan: Recomposition of PSX-KMI 30 Share Islamic Index, period ended Dec 2025 (complete ratios)"
KOIL,36.2,Non-Compliant,2025-12-31,"Al-Meezan: Recomposition of PSX-KMI 30 Share Islamic Index, period ended Dec 2025 (complete ratios)"
KOSM,0.01,Non-Compliant,2025-12-31,"Al-Meezan: Recomposition of PSX-KMI 30 Share Islamic Index, period ended Dec 2025 (complete ratios)"
KPUS,0.01,Compliant,2025-12-31,"Al-Meezan: Recomposition of PSX-KMI 30 Share Islamic Index, period ended Dec 2025 (complete ratios)"
KSBP,0.2,Compliant,2025-12-31,"Al-Meezan: Recomposition of PSX-KMI 30 Share Islamic Index, period ended Dec 2025 (complete ratios)"
KTML,2.37,Compliant,2025-12-31,"Al-Meezan: Recomposition of PSX-KMI 30 Share Islamic Index, period ended Dec 2025 (complete ratios)"
LCI,0.24,Compliant,2025-12-31,"Al-Meezan: Recomposition of PSX-KMI 30 Share Islamic Index, period ended Dec 2025 (complete ratios)"
LEUL,0.0,Compliant,2025-12-31,"Al-Meezan: Recomposition of PSX-KMI 30 Share Islamic Index, period ended Dec 2025 (complete ratios)"
LIVEN,0.0,Compliant,2025-12-31,"Al-Meezan: Recomposition of PSX-KMI 30 Share Islamic Index, period ended Dec 2025 (complete ratios)"
LOADS,0.0,Compliant,2025-12-31,"Al-Meezan: Recomposition of PSX-KMI 30 Share Islamic Index, period ended Dec 2025 (complete ratios)"
LOTCHEM,0.58,Compliant,2025-12-31,"Al-Meezan: Recomposition of PSX-KMI 30 Share Islamic Index, period ended Dec 2025 (complete ratios)"
LPGL,0.0,Compliant,2025-12-31,"Al-Meezan: Recomposition of PSX-KMI 30 Share Islamic Index, period ended Dec 2025 (complete ratios)"
LPL,57.14,Non-Compliant,2025-12-31,"Al-Meezan: Recomposition of PSX-KMI 30 Share Islamic Index, period ended Dec 2025 (complete ratios)"
LSECL,68.6,Non-Compliant,2025-12-31,"Al-Meezan: Recomposition of PSX-KMI 30 Share Islamic Index, period ended Dec 2025 (complete ratios)"
LUCK,0.27,Compliant,2025-12-31,"Al-Meezan: Recomposition of PSX-KMI 30 Share Islamic Index, period ended Dec 2025 (complete ratios)"
MACFL,0.0,Compliant,2025-12-31,"Al-Meezan: Recomposition of PSX-KMI 30 Share Islamic Index, period ended Dec 2025 (complete ratios)"
MACTER,0.0,Compliant,2025-12-31,"Al-Meezan: Recomposition of PSX-KMI 30 Share Islamic Index, period ended Dec 2025 (complete ratios)"
MARI,0.0,Compliant,2025-12-31,"Al-Meezan: Recomposition of PSX-KMI 30 Share Islamic Index, period ended Dec 2025 (complete ratios)"
MEBL,0.0,Compliant,2025-12-31,"Al-Meezan: Recomposition of PSX-KMI 30 Share Islamic Index, period ended Dec 2025 (complete ratios)"
MEHT,0.0,Compliant,2025-12-31,"Al-Meezan: Recomposition of PSX-KMI 30 Share Islamic Index, period ended Dec 2025 (complete ratios)"
MERIT,0.74,Compliant,2025-12-31,"Al-Meezan: Recomposition of PSX-KMI 30 Share Islamic Index, period ended Dec 2025 (complete ratios)"
MFFL,0.02,Compliant,2025-12-31,"Al-Meezan: Recomposition of PSX-KMI 30 Share Islamic Index, period ended Dec 2025 (complete ratios)"
MFL,0.07,Compliant,2025-12-31,"Al-Meezan: Recomposition of PSX-KMI 30 Share Islamic Index, period ended Dec 2025 (complete ratios)"
MIRKS,0.05,Compliant,2025-12-31,"Al-Meezan: Recomposition of PSX-KMI 30 Share Islamic Index, period ended Dec 2025 (complete ratios)"
MLCF,0.46,Compliant,2025-12-31,"Al-Meezan: Recomposition of PSX-KMI 30 Share Islamic Index, period ended Dec 2025 (complete ratios)"
MQTM,0.13,Compliant,2025-12-31,"Al-Meezan: Recomposition of PSX-KMI 30 Share Islamic Index, period ended Dec 2025 (complete ratios)"
MRNS,0.0,Compliant,2025-12-31,"Al-Meezan: Recomposition of PSX-KMI 30 Share Islamic Index, period ended Dec 2025 (complete ratios)"
MSCL,0.04,Compliant,2025-12-31,"Al-Meezan: Recomposition of PSX-KMI 30 Share Islamic Index, period ended Dec 2025 (complete ratios)"
MSOT,0.02,Non-Compliant,2025-12-31,"Al-Meezan: Recomposition of PSX-KMI 30 Share Islamic Index, period ended Dec 2025 (complete ratios)"
MTL,0.07,Compliant,2025-12-31,"Al-Meezan: Recomposition of PSX-KMI 30 Share Islamic Index, period ended Dec 2025 (complete ratios)"
MUGHAL,0.01,Compliant,2025-12-31,"Al-Meezan: Recomposition of PSX-KMI 30 Share Islamic Index, period ended Dec 2025 (complete ratios)"
MWMP,0.25,Compliant,2025-12-31,"Al-Meezan: Recomposition of PSX-KMI 30 Share Islamic Index, period ended Dec 2025 (complete ratios)"
NAGC,0.05,Non-Compliant,2025-12-31,"Al-Meezan: Recomposition of PSX-KMI 30 Share Islamic Index, period ended Dec 2025 (complete ratios)"
NATF,1.2,Non-Compliant,2025-12-31,"Al-Meezan: Recomposition of PSX-KMI 30 Share Islamic Index, period ended Dec 2025 (complete ratios)"
NCL,0.06,Non-Compliant,2025-12-31,"Al-Meezan: Recomposition of PSX-KMI 30 Share Islamic Index, period ended Dec 2025 (complete ratios)"
NCPL,5.48,Non-Compliant,2025-12-31,"Al-Meezan: Recomposition of PSX-KMI 30 Share Islamic Index, period ended Dec 2025 (complete ratios)"
NESTLE,0.19,Compliant,2025-12-31,"Al-Meezan: Recomposition of PSX-KMI 30 Share Islamic Index, period ended Dec 2025 (complete ratios)"
NETSOL,1.49,Compliant,2025-12-31,"Al-Meezan: Recomposition of PSX-KMI 30 Share Islamic Index, period ended Dec 2025 (complete ratios)"
NICL,0.02,Non-Compliant,2025-12-31,"Al-Meezan: Recomposition of PSX-KMI 30 Share Islamic Index, period ended Dec 2025 (complete ratios)"
NML,1.92,Compliant,2025-12-31,"Al-Meezan: Recomposition of PSX-KMI 30 Share Islamic Index, period ended Dec 2025 (complete ratios)"
NONS,0.04,Compliant,2025-12-31,"Al-Meezan: Recomposition of PSX-KMI 30 Share Islamic Index, period ended Dec 2025 (complete ratios)"
NPL,6.47,Non-Compliant,2025-12-31,"Al-Meezan: Recomposition of PSX-KMI 30 Share Islamic Index, period ended Dec 2025 (complete ratios)"
NRL,0.03,Compliant,2025-12-31,"Al-Meezan: Recomposition of PSX-KMI 30 Share Islamic Index, period ended Dec 2025 (complete ratios)"
NRSL,0.0,Compliant,2025-12-31,"Al-Meezan: Recomposition of PSX-KMI 30 Share Islamic Index, period ended Dec 2025 (complete ratios)"
NSRM,0.01,Compliant,2025-12-31,"Al-Meezan: Recomposition of PSX-KMI 30 Share Islamic Index, period ended Dec 2025 (complete ratios)"
OBOY,0.0,Non-Compliant,2025-12-31,"Al-Meezan: Recomposition of PSX-KMI 30 Share Islamic Index, period ended Dec 2025 (complete ratios)"
OCTOPUS,3.88,Compliant,2025-12-31,"Al-Meezan: Recomposition of PSX-KMI 30 Share Islamic Index, period ended Dec 2025 (complete ratios)"
OGDC,6.62,Compliant,2025-12-31,"Al-Meezan: Recomposition of PSX-KMI 30 Share Islamic Index, period ended Dec 2025 (complete ratios)"
OLPM,0.0,Compliant,2025-12-31,"Al-Meezan: Recomposition of PSX-KMI 30 Share Islamic Index, period ended Dec 2025 (complete ratios)"
OML,0.46,Compliant,2025-12-31,"Al-Meezan: Recomposition of PSX-KMI 30 Share Islamic Index, period ended Dec 2025 (complete ratios)"
ORM,0.0,Compliant,2025-12-31,"Al-Meezan: Recomposition of PSX-KMI 30 Share Islamic Index, period ended Dec 2025 (complete ratios)"
OTSU,0.0,Compliant,2025-12-31,"Al-Meezan: Recomposition of PSX-KMI 30 Share Islamic Index, period ended Dec 2025 (complete ratios)"
PABC,5.57,Non-Compliant,2025-12-31,"Al-Meezan: Recomposition of PSX-KMI 30 Share Islamic Index, period ended Dec 2025 (complete ratios)"
PACE,8.12,Non-Compliant,2025-12-31,"Al-Meezan: Recomposition of PSX-KMI 30 Share Islamic Index, period ended Dec 2025 (complete ratios)"
PAEL,0.03,Compliant,2025-12-31,"Al-Meezan: Recomposition of PSX-KMI 30 Share Islamic Index, period ended Dec 2025 (complete ratios)"
PAKD,1.95,Compliant,2025-12-31,"Al-Meezan: Recomposition of PSX-KMI 30 Share Islamic Index, period ended Dec 2025 (complete ratios)"
PAKL,0.0,Non-Compliant,2025-12-31,"Al-Meezan: Recomposition of PSX-KMI 30 Share Islamic Index, period ended Dec 2025 (complete ratios)"
PAKOXY,0.0,Compliant,2025-12-31,"Al-Meezan: Recomposition of PSX-KMI 30 Share Islamic Index, period ended Dec 2025 (complete ratios)"
PCAL,0.13,Non-Compliant,2025-12-31,"Al-Meezan: Recomposition of PSX-KMI 30 Share Islamic Index, period ended Dec 2025 (complete ratios)"
PIBTL,0.27,Compliant,2025-12-31,"Al-Meezan: Recomposition of PSX-KMI 30 Share Islamic Index, period ended Dec 2025 (complete ratios)"
PICT,0.0,Compliant,2025-12-31,"Al-Meezan: Recomposition of PSX-KMI 30 Share Islamic Index, period ended Dec 2025 (complete ratios)"
PIM,0.0,Compliant,2025-12-31,"Al-Meezan: Recomposition of PSX-KMI 30 Share Islamic Index, period ended Dec 2025 (complete ratios)"
PIOC,0.02,Compliant,2025-12-31,"Al-Meezan: Recomposition of PSX-KMI 30 Share Islamic Index, period ended Dec 2025 (complete ratios)"
PKGP,54.13,Non-Compliant,2025-12-31,"Al-Meezan: Recomposition of PSX-KMI 30 Share Islamic Index, period ended Dec 2025 (complete ratios)"
PKGS,0.07,Compliant,2025-12-31,"Al-Meezan: Recomposition of PSX-KMI 30 Share Islamic Index, period ended Dec 2025 (complete ratios)"
PNSC,7.74,Non-Compliant,2025-12-31,"Al-Meezan: Recomposition of PSX-KMI 30 Share Islamic Index, period ended Dec 2025 (complete ratios)"
POL,9.22,Non-Compliant,2025-12-31,"Al-Meezan: Recomposition of PSX-KMI 30 Share Islamic Index, period ended Dec 2025 (complete ratios)"
POML,0.39,Compliant,2025-12-31,"Al-Meezan: Recomposition of PSX-KMI 30 Share Islamic Index, period ended Dec 2025 (complete ratios)"
POWER,0.0,Compliant,2025-12-31,"Al-Meezan: Recomposition of PSX-KMI 30 Share Islamic Index, period ended Dec 2025 (complete ratios)"
PPL,2.81,Compliant,2025-12-31,"Al-Meezan: Recomposition of PSX-KMI 30 Share Islamic Index, period ended Dec 2025 (complete ratios)"
PPP,0.0,Compliant,2025-12-31,"Al-Meezan: Recomposition of PSX-KMI 30 Share Islamic Index, period ended Dec 2025 (complete ratios)"
PREMA,0.0,Compliant,2025-12-31,"Al-Meezan: Recomposition of PSX-KMI 30 Share Islamic Index, period ended Dec 2025 (complete ratios)"
PRET,0.03,Non-Compliant,2025-12-31,"Al-Meezan: Recomposition of PSX-KMI 30 Share Islamic Index, period ended Dec 2025 (complete ratios)"
PRL,0.36,Compliant,2025-12-31,"Al-Meezan: Recomposition of PSX-KMI 30 Share Islamic Index, period ended Dec 2025 (complete ratios)"
PRWM,0.06,Non-Compliant,2025-12-31,"Al-Meezan: Recomposition of PSX-KMI 30 Share Islamic Index, period ended Dec 2025 (complete ratios)"
PSEL,1.24,Compliant,2025-12-31,"Al-Meezan: Recomposition of PSX-KMI 30 Share Islamic Index, period ended Dec 2025 (complete ratios)"
PSO,0.37,Compliant,2025-12-31,"Al-Meezan: Recomposition of PSX-KMI 30 Share Islamic Index, period ended Dec 2025 (complete ratios)"
PSX,40.39,Non-Compliant,2025-12-31,"Al-Meezan: Recomposition of PSX-KMI 30 Share Islamic Index, period ended Dec 2025 (complete ratios)"
PSYL,0.58,Compliant,2025-12-31,"Al-Meezan: Recomposition of PSX-KMI 30 Share Islamic Index, period ended Dec 2025 (complete ratios)"
PTC,2.01,Non-Compliant,2025-12-31,"Al-Meezan: Recomposition of PSX-KMI 30 Share Islamic Index, period ended Dec 2025 (complete ratios)"
PTL,0.14,Compliant,2025-12-31,"Al-Meezan: Recomposition of PSX-KMI 30 Share Islamic Index, period ended Dec 2025 (complete ratios)"
QUICE,0.0,Compliant,2025-12-31,"Al-Meezan: Recomposition of PSX-KMI 30 Share Islamic Index, period ended Dec 2025 (complete ratios)"
RCML,0.1,Compliant,2025-12-31,"Al-Meezan: Recomposition of PSX-KMI 30 Share Islamic Index, period ended Dec 2025 (complete ratios)"
REDCO,0.04,Compliant,2025-12-31,"Al-Meezan: Recomposition of PSX-KMI 30 Share Islamic Index, period ended Dec 2025 (complete ratios)"
REWM,0.18,Compliant,2025-12-31,"Al-Meezan: Recomposition of PSX-KMI 30 Share Islamic Index, period ended Dec 2025 (complete ratios)"
RMPL,1.07,Compliant,2025-12-31,"Al-Meezan: Recomposition of PSX-KMI 30 Share Islamic Index, period ended Dec 2025 (complete ratios)"
RPL,0.22,Compliant,2025-12-31,"Al-Meezan: Recomposition of PSX-KMI 30 Share Islamic Index, period ended Dec 2025 (complete ratios)"
RUPL,1.79,Compliant,2025-12-31,"Al-Meezan: Recomposition of PSX-KMI 30 Share Islamic Index, period ended Dec 2025 (complete ratios)"
SAIF,0.01,Non-Compliant,2025-12-31,"Al-Meezan: Recomposition of PSX-KMI 30 Share Islamic Index, period ended Dec 2025 (complete ratios)"
SANSM,0.05,Compliant,2025-12-31,"Al-Meezan: Recomposition of PSX-KMI 30 Share Islamic Index, period ended Dec 2025 (complete ratios)"
SAPT,1.18,Compliant,2025-12-31,"Al-Meezan: Recomposition of PSX-KMI 30 Share Islamic Index, period ended Dec 2025 (complete ratios)"
SARC,0.19,Compliant,2025-12-31,"Al-Meezan: Recomposition of PSX-KMI 30 Share Islamic Index, period ended Dec 2025 (complete ratios)"
SASML,0.21,Compliant,2025-12-31,"Al-Meezan: Recomposition of PSX-KMI 30 Share Islamic Index, period ended Dec 2025 (complete ratios)"
SAZEW,0.0,Compliant,2025-12-31,"Al-Meezan: Recomposition of PSX-KMI 30 Share Islamic Index, period ended Dec 2025 (complete ratios)"
SCL,0.0,Compliant,2025-12-31,"Al-Meezan: Recomposition of PSX-KMI 30 Share Islamic Index, period ended Dec 2025 (complete ratios)"
SEARL,0.89,Compliant,2025-12-31,"Al-Meezan: Recomposition of PSX-KMI 30 Share Islamic Index, period ended Dec 2025 (complete ratios)"
SEL,0.0,Compliant,2025-12-31,"Al-Meezan: Recomposition of PSX-KMI 30 Share Islamic Index, period ended Dec 2025 (complete ratios)"
SEPL,6.95,Non-Compliant,2025-12-31,"Al-Meezan: Recomposition of PSX-KMI 30 Share Islamic Index, period ended Dec 2025 (complete ratios)"
SERT,0.0,Compliant,2025-12-31,"Al-Meezan: Recomposition of PSX-KMI 30 Share Islamic Index, period ended Dec 2025 (complete ratios)"
SFL,12.14,Non-Compliant,2025-12-31,"Al-Meezan: Recomposition of PSX-KMI 30 Share Islamic Index, period ended Dec 2025 (complete ratios)"
SGF,0.43,Compliant,2025-12-31,"Al-Meezan: Recomposition of PSX-KMI 30 Share Islamic Index, period ended Dec 2025 (complete ratios)"
SGPL,0.0,Compliant,2025-12-31,"Al-Meezan: Recomposition of PSX-KMI 30 Share Islamic Index, period ended Dec 2025 (complete ratios)"
SHCM,0.0,Compliant,2025-12-31,"Al-Meezan: Recomposition of PSX-KMI 30 Share Islamic Index, period ended Dec 2025 (complete ratios)"
SHDT,0.01,Compliant,2025-12-31,"Al-Meezan: Recomposition of PSX-KMI 30 Share Islamic Index, period ended Dec 2025 (complete ratios)"
SHEZ,0.0,Non-Compliant,2025-12-31,"Al-Meezan: Recomposition of PSX-KMI 30 Share Islamic Index, period ended Dec 2025 (complete ratios)"
SHFA,0.17,Compliant,2025-12-31,"Al-Meezan: Recomposition of PSX-KMI 30 Share Islamic Index, period ended Dec 2025 (complete ratios)"
SHJS,0.14,Non-Compliant,2025-12-31,"Al-Meezan: Recomposition of PSX-KMI 30 Share Islamic Index, period ended Dec 2025 (complete ratios)"
SHSML,0.09,Compliant,2025-12-31,"Al-Meezan: Recomposition of PSX-KMI 30 Share Islamic Index, period ended Dec 2025 (complete ratios)"
SIEM,1.95,Compliant,2025-12-31,"Al-Meezan: Recomposition of PSX-KMI 30 Share Islamic Index, period ended Dec 2025 (complete ratios)"
SINDM,0.0,Compliant,2025-12-31,"Al-Meezan: Recomposition of PSX-KMI 30 Share Islamic Index, period ended Dec 2025 (complete ratios)"
SITC,0.0,Compliant,2025-12-31,"Al-Meezan: Recomposition of PSX-KMI 30 Share Islamic Index, period ended Dec 2025 (complete ratios)"
SLGL,0.35,Compliant,2025-12-31,"Al-Meezan: Recomposition of PSX-KMI 30 Share Islamic Index, period ended Dec 2025 (complete ratios)"
SMCPL,0.0,Compliant,2025-12-31,"Al-Meezan: Recomposition of PSX-KMI 30 Share Islamic Index, period ended Dec 2025 (complete ratios)"
SNAI,0.02,Compliant,2025-12-31,"Al-Meezan: Recomposition of PSX-KMI 30 Share Islamic Index, period ended Dec 2025 (complete ratios)"
SNGP,1.23,Compliant,2025-12-31,"Al-Meezan: Recomposition of PSX-KMI 30 Share Islamic Index, period ended Dec 2025 (complete ratios)"
SPEL,0.79,Compliant,2025-12-31,"Al-Meezan: Recomposition of PSX-KMI 30 Share Islamic Index, period ended Dec 2025 (complete ratios)"
SPWL,6.84,Non-Compliant,2025-12-31,"Al-Meezan: Recomposition of PSX-KMI 30 Share Islamic Index, period ended Dec 2025 (complete ratios)"
SRVI,0.17,Compliant,2025-12-31,"Al-Meezan: Recomposition of PSX-KMI 30 Share Islamic Index, period ended Dec 2025 (complete ratios)"
SSGC,1.25,Compliant,2025-12-31,"Al-Meezan: Recomposition of PSX-KMI 30 Share Islamic Index, period ended Dec 2025 (complete ratios)"
SSOM,0.08,Compliant,2025-12-31,"Al-Meezan: Recomposition of PSX-KMI 30 Share Islamic Index, period ended Dec 2025 (complete ratios)"
STCL,0.07,Compliant,2025-12-31,"Al-Meezan: Recomposition of PSX-KMI 30 Share Islamic Index, period ended Dec 2025 (complete ratios)"
STJT,0.1,Compliant,2025-12-31,"Al-Meezan: Recomposition of PSX-KMI 30 Share Islamic Index, period ended Dec 2025 (complete ratios)"
STL,0.0,Compliant,2025-12-31,"Al-Meezan: Recomposition of PSX-KMI 30 Share Islamic Index, period ended Dec 2025 (complete ratios)"
STML,0.09,Compliant,2025-12-31,"Al-Meezan: Recomposition of PSX-KMI 30 Share Islamic Index, period ended Dec 2025 (complete ratios)"
STPL,0.01,Non-Compliant,2025-12-31,"Al-Meezan: Recomposition of PSX-KMI 30 Share Islamic Index, period ended Dec 2025 (complete ratios)"
STYLERS,0.0,Compliant,2025-12-31,"Al-Meezan: Recomposition of PSX-KMI 30 Share Islamic Index, period ended Dec 2025 (complete ratios)"
SURC,0.15,Compliant,2025-12-31,"Al-Meezan: Recomposition of PSX-KMI 30 Share Islamic Index, period ended Dec 2025 (complete ratios)"
SUTM,0.26,Non-Compliant,2025-12-31,"Al-Meezan: Recomposition of PSX-KMI 30 Share Islamic Index, period ended Dec 2025 (complete ratios)"
SYM,0.71,Compliant,2025-12-31,"Al-Meezan: Recomposition of PSX-KMI 30 Share Islamic Index, period ended Dec 2025 (complete ratios)"
SYS,0.09,Compliant,2025-12-31,"Al-Meezan: Recomposition of PSX-KMI 30 Share Islamic Index, period ended Dec 2025 (complete ratios)"
SZTM,0.19,Compliant,2025-12-31,"Al-Meezan: Recomposition of PSX-KMI 30 Share Islamic Index, period ended Dec 2025 (complete ratios)"
TATM,1.84,Compliant,2025-12-31,"Al-Meezan: Recomposition of PSX-KMI 30 Share Islamic Index, period ended Dec 2025 (complete ratios)"
TBL,0.85,Non-Compliant,2025-12-31,"Al-Meezan: Recomposition of PSX-KMI 30 Share Islamic Index, period ended Dec 2025 (complete ratios)"
TCORP,0.01,Compliant,2025-12-31,"Al-Meezan: Recomposition of PSX-KMI 30 Share Islamic Index, period ended Dec 2025 (complete ratios)"
TELE,0.45,Compliant,2025-12-31,"Al-Meezan: Recomposition of PSX-KMI 30 Share Islamic Index, period ended Dec 2025 (complete ratios)"
TGL,0.27,Compliant,2025-12-31,"Al-Meezan: Recomposition of PSX-KMI 30 Share Islamic Index, period ended Dec 2025 (complete ratios)"
THALL,2.65,Non-Compliant,2025-12-31,"Al-Meezan: Recomposition of PSX-KMI 30 Share Islamic Index, period ended Dec 2025 (complete ratios)"
THCCL,1.87,Compliant,2025-12-31,"Al-Meezan: Recomposition of PSX-KMI 30 Share Islamic Index, period ended Dec 2025 (complete ratios)"
TOMCL,0.12,Compliant,2025-12-31,"Al-Meezan: Recomposition of PSX-KMI 30 Share Islamic Index, period ended Dec 2025 (complete ratios)"
TOWL,0.07,Compliant,2025-12-31,"Al-Meezan: Recomposition of PSX-KMI 30 Share Islamic Index, period ended Dec 2025 (complete ratios)"
TPL,27.42,Non-Compliant,2025-12-31,"Al-Meezan: Recomposition of PSX-KMI 30 Share Islamic Index, period ended Dec 2025 (complete ratios)"
TPLP,5.97,Non-Compliant,2025-12-31,"Al-Meezan: Recomposition of PSX-KMI 30 Share Islamic Index, period ended Dec 2025 (complete ratios)"
TPLRF1,2.12,Compliant,2025-12-31,"Al-Meezan: Recomposition of PSX-KMI 30 Share Islamic Index, period ended Dec 2025 (complete ratios)"
TPLT,0.34,Non-Compliant,2025-12-31,"Al-Meezan: Recomposition of PSX-KMI 30 Share Islamic Index, period ended Dec 2025 (complete ratios)"
TREET,0.17,Compliant,2025-12-31,"Al-Meezan: Recomposition of PSX-KMI 30 Share Islamic Index, period ended Dec 2025 (complete ratios)"
TRG,100.0,Non-Compliant,2025-12-31,"Al-Meezan: Recomposition of PSX-KMI 30 Share Islamic Index, period ended Dec 2025 (complete ratios)"
TRIPF,0.07,Non-Compliant,2025-12-31,"Al-Meezan: Recomposition of PSX-KMI 30 Share Islamic Index, period ended Dec 2025 (complete ratios)"
TRSM,0.0,Compliant,2025-12-31,"Al-Meezan: Recomposition of PSX-KMI 30 Share Islamic Index, period ended Dec 2025 (complete ratios)"
TSML,0.01,Non-Compliant,2025-12-31,"Al-Meezan: Recomposition of PSX-KMI 30 Share Islamic Index, period ended Dec 2025 (complete ratios)"
TSPL,12.22,Non-Compliant,2025-12-31,"Al-Meezan: Recomposition of PSX-KMI 30 Share Islamic Index, period ended Dec 2025 (complete ratios)"
UBDL,0.16,Compliant,2025-12-31,"Al-Meezan: Recomposition of PSX-KMI 30 Share Islamic Index, period ended Dec 2025 (complete ratios)"
UDLI,0.0,Compliant,2025-12-31,"Al-Meezan: Recomposition of PSX-KMI 30 Share Islamic Index, period ended Dec 2025 (complete ratios)"
UDPL,1.27,Compliant,2025-12-31,"Al-Meezan: Recomposition of PSX-KMI 30 Share Islamic Index, period ended Dec 2025 (complete ratios)"
UNITY,0.79,Compliant,2025-12-31,"Al-Meezan: Recomposition of PSX-KMI 30 Share Islamic Index, period ended Dec 2025 (complete ratios)"
UPFL,1.0,Compliant,2025-12-31,"Al-Meezan: Recomposition of PSX-KMI 30 Share Islamic Index, period ended Dec 2025 (complete ratios)"
WAFI,0.28,Compliant,2025-12-31,"Al-Meezan: Recomposition of PSX-KMI 30 Share Islamic Index, period ended Dec 2025 (complete ratios)"
WAHN,0.0,Compliant,2025-12-31,"Al-Meezan: Recomposition of PSX-KMI 30 Share Islamic Index, period ended Dec 2025 (complete ratios)"
WASL,0.0,Compliant,2025-12-31,"Al-Meezan: Recomposition of PSX-KMI 30 Share Islamic Index, period ended Dec 2025 (complete ratios)"
WAVES,0.0,Compliant,2025-12-31,"Al-Meezan: Recomposition of PSX-KMI 30 Share Islamic Index, period ended Dec 2025 (complete ratios)"
WAVESAPP,0.01,Non-Compliant,2025-12-31,"Al-Meezan: Recomposition of PSX-KMI 30 Share Islamic Index, period ended Dec 2025 (complete ratios)"
WTL,0.88,Non-Compliant,2025-12-31,"Al-Meezan: Recomposition of PSX-KMI 30 Share Islamic Index, period ended Dec 2025 (complete ratios)"
YOUW,0.0,Non-Compliant,2025-12-31,"Al-Meezan: Recomposition of PSX-KMI 30 Share Islamic Index, period ended Dec 2025 (complete ratios)"
ZAL,2.07,Compliant,2025-12-31,"Al-Meezan: Recomposition of PSX-KMI 30 Share Islamic Index, period ended Dec 2025 (complete ratios)"
ZIL,0.0,Compliant,2025-12-31,"Al-Meezan: Recomposition of PSX-KMI 30 Share Islamic Index, period ended Dec 2025 (complete ratios)"
ZTL,0.0,Compliant,2025-12-31,"Al-Meezan: Recomposition of PSX-KMI 30 Share Islamic Index, period ended Dec 2025 (complete ratios)"
